{"cameraMode":{"drawMode":0,"name":"Shaded","section":"Shading Mode"},"sceneLighting":true,"audioPlay":false,"sceneViewState":{"m_AlwaysRefresh":false,"showFog":true,"showSkybox":true,"showFlares":true,"showImageEffects":true,"showParticleSystems":true,"showVisualEffectGraphs":true,"m_FxEnabled":true},"in2DMode":false,"pivot":{"x":-16.303001403808595,"y":4.942229270935059,"z":31.88718032836914},"rotation":{"x":0.03896467387676239,"y":0.24391236901283265,"z":0.009807734750211239,"w":-0.9689796566963196},"size":20.11473274230957,"orthographic":false}